Kansas City Building Reporting ID,Property Name,Zip Code,Parent Property Name,Year Ending,Square Feet,Primary Property Type,All Property Use Types,Year Built,ENERGY STAR Score,Site Energy Use (kBtu),Site EUI (kBtu/ft²),National Median Site Energy Use (kBtu),National Median Site EUI (kBtu/ft²),% Difference from National Median Site EUI,Source Energy Use (kBtu),Source EUI (kBtu/ft²),National Median Source Energy Use (kBtu),National Median Source EUI (kBtu/ft²),% Difference from National Median Source EUI,Weather Normalized Site Energy Use (kBtu),Weather Normalized Site EUI (kBtu/ft²),Weather Normalized Source Energy Use (kBtu),Weather Normalized Source EUI (kBtu/ft²),Energy Cost ($),Energy Cost Intensity ($/ft²),Water Use (kgal),Direct GHG Emissions (Metric Tons CO2e),Direct GHG Emissions Intensity (kgCO2e/ft²),Indirect GHG Emissions (Metric Tons CO2e),Indirect GHG Emissions Intensity (kgCO2e/ft²),eGRID Subregion,eGRID Output Emissions Rate (kgCO2e/MBtu),Location,Neighborhood Census,Council Districts,County Boundary,Zip Codes
53-IS-12610,KCI-Export Facility,64153,Not Applicable: Standalone Property,12/31/2016 12:00:00 AM,"7,984",Distribution Center,Distribution Center,1960,61,"322,975.3",40.5,"386,131.7",48.4,-16.4,"339,124.1",42.5,"405,438.3",50.8,-16.4,"395,407.8",49.5,"415,178.2",52,"2,316.94",0.29,,17.2,2.1,0,0,(SRMW) SRMW (Middle Mississippi),237.4,"12600 NW Prairie View Rd
Kansas City, Missouri 64153
(39.323926, -94.711009)",203,5,3,133
16-IS-00955,MK - 915 NW Lou Holland,64116,Not Applicable: Standalone Property,12/31/2016 12:00:00 AM,"17,592",Transportation Terminal/Station,Non-Refrigerated Warehouse,1960,77,"547,625.8",31.1,"867,675.2",49.3,-36.9,"575,007.1",32.7,"911,058.9",51.8,-36.9,"642,980.8",36.5,"675,129.8",38.4,"4,813.24",0.27,,29.1,1.7,0,0,(SPNO) SPNO (KS-Western MO),210.9,"915 NW Lou Holland Dr
Kansas City, Missouri 64116
(39.127014, -94.595836)",241,4,4,167
16-IS-00930,903 NW Lou Holland,64116,Not Applicable: Standalone Property,12/31/2016 12:00:00 AM,"17,592",Transportation Terminal/Station,Non-Refrigerated Warehouse,1960,39,"1,083,953",61.6,"934,491.8",53.1,16,"1,138,150.7",64.7,"981,216.3",55.8,16,"1,083,953.0",61.6,"1,138,150.7",64.7,"2,808.40",0.16,,57.6,3.3,0,0,(SPNO) SPNO (KS-Western MO),210.9,"903 NW Lou Holland Dr
Kansas City, Missouri 64116
(39.126467, -94.59633)",241,4,4,167
53-IS-11610,KCI-Fuel/Wash Facility,64153,Not Applicable: Standalone Property,12/31/2016 12:00:00 AM,"3,000",Non-Refrigerated Warehouse,Non-Refrigerated Warehouse,1960,,"1,871,411",623.8,"71,003.2",23.7,"2,535.7","4,741,324.7","1,580.4","179,890.5",60,"2,535.7","1,936,555.6",645.5,"4,809,726.5","1,603.2","51,985.97",17.33,,28.8,9.6,315.4,105.1,(SRMW) SRMW (Middle Mississippi),237.4,"194 Bogota St
Kansas City, Missouri 64153
(39.302858, -94.721514)",203,5,3,130
20-IS-01720,Hazardous Waste and Recycling Center,64120,Not Applicable: Standalone Property,12/31/2016 12:00:00 AM,"1,600",Other,Non-Refrigerated Warehouse,1960,,"789,182.6",493.2,"52,005.3",32.5,"1,417.5","1,455,916.8",909.9,"95,941.6",60,"1,417.5","858,227.4",536.4,"1,487,895.1",929.9,"16,921.56",10.58,8.3,26,16.2,63.3,39.6,(SPNO) SPNO (KS-Western MO),210.9,"4739 Deramus
Kansas City, Missouri 64120
(39.138312, -94.523397)",53,4,7,144
09-IS-03210,Mohart Center,64109,Not Applicable: Standalone Property,12/31/2016 12:00:00 AM,"61,611",Social/Meeting Hall,Social/Meeting Hall,1960,,"3,351,586.5",54.4,"2,056,944.6",33.4,62.9,"7,011,009.5",113.8,"4,302,815.6",69.8,62.9,"3,698,065.9",60,"7,240,572.6",117.5,"85,318.68",1.38,75,89.3,1.4,352.4,5.7,(SPNO) SPNO (KS-Western MO),210.9,"3200 Wayne Ave
Kansas City, Missouri 64109
(39.067553, -94.564473)",78,3,7,19
02-IS-01720,American Royal Complex,64102,American Royal Complex,12/31/2016 12:00:00 AM,"497,181",Convention Center,Convention Center,1960,,"17,804,808.5",35.8,"11,896,450.4",23.9,49.7,"51,967,147.6",104.5,"34,722,340.8",69.8,49.7,"18,274,609.4",36.8,"52,460,438.5",105.5,"796,638.30",1.60,"4,034.3",100.1,0.2,"3,357.4",6.8,(SPNO) SPNO (KS-Western MO),210.9,"1701 American Royal
Kansas City, Missouri 64102
(39.09327, -94.605361)",241,4,7,20
05-IS-01325,Bartle Hall Expansion and Conference Center,64105,Convention Center Complex,12/31/2016 12:00:00 AM,"75,568",Convention Center,Convention Center,1960,,,,"3,422,582.7",45.3,,,,"5,277,550.5",69.8,,"14,237,011.200000001",188.4,"17,131,265.599999998",226.7,,,"1,308",0,0,0,0,(SPNO) SPNO (KS-Western MO),210.9,"301 W 13th St
Kansas City, Missouri 64105
(39.0988, -94.58697)",5,4,7,72
05-IS-01350,Convention Center Complex,64105,Convention Center Complex,12/31/2016 12:00:00 AM,"1,791,008",Convention Center,Convention Center,1976,,"101,735,791.4",56.8,"72,096,184",40.3,41.1,"176,503,568.6",98.5,"125,081,188.2",69.8,41.1,"109,355,403.9",61.1,"185,670,275.6",103.7,"3,588,851.74",2.00,,25.8,0,"10,693.4",6,(SPNO) SPNO (KS-Western MO),210.9,"301 W 13th St
Kansas City, Missouri 64105
(39.0988, -94.58697)",5,4,7,72
02-IS-02020,Governor's Building,64102,American Royal Complex,12/31/2016 12:00:00 AM,"128,925",Convention Center,Social/Meeting Hall,1973,,"2,595,955.3",20.1,"2,867,490",22.2,-9.5,"8,151,299.6",63.2,"9,003,919.7",69.8,-9.5,"2,595,955.3",20.1,"8,151,299.6",63.2,"111,726.37",0.87,,0,0,547.5,4.2,(SPNO) SPNO (KS-Western MO),210.9,"1703 American Royal Ct
Kansas City, Missouri 64102
(39.09057, -94.603708)",241,4,7,20
05-IS-01315,Bartle Hall,64105,Convention Center Complex,12/31/2016 12:00:00 AM,"1,145,000",Convention Center,Convention Center,1976,,,,"51,858,685.7",45.3,,,,"79,965,003.2",69.8,,"43,052,000.0",37.6,"115,301,500.0",100.7,,,"5,028",0,0,0,0,(SPNO) SPNO (KS-Western MO),210.9,"301 W 13th St
Kansas City, Missouri 64105
(39.0988, -94.58697)",5,4,7,72
53-IS-11720,KCI-Equipment Storage Building,64153,Not Applicable: Standalone Property,12/31/2016 12:00:00 AM,"78,000",Non-Refrigerated Warehouse,Non-Refrigerated Warehouse,1960,60,"4,265,470.5",54.7,"5,002,135.6",64.1,-14.7,"5,110,019.4",65.5,"5,992,541.5",76.8,-14.7,"5,017,594.0",64.3,"5,925,434.5",76,"50,644.82",0.65,0,210.5,2.7,71.7,0.9,(SRMW) SRMW (Middle Mississippi),237.4,"2 N Manila Sq
Kansas City, Missouri 64153",,,,
53-IS-11710,KCI-Storeroom-Mexico City Ave. Central Warehouse,64153,Not Applicable: Standalone Property,12/31/2016 12:00:00 AM,"79,600",Non-Refrigerated Warehouse,Non-Refrigerated Warehouse,1960,4,"6,266,080.2",78.7,"2,524,625.4",31.7,148.2,"15,224,331.6",191.3,"6,133,935.4",77.1,148.2,"6,542,035.5",82.2,"15,266,054.6",191.8,"122,337.67",1.54,929.2,113.1,1.4,981.9,12.3,(SRMW) SRMW (Middle Mississippi),237.4,"533 Mexico City Ave
Kansas City, Missouri 64153
(39.304057, -94.718826)",203,5,3,130
32-IS-07215,Lakeside Nature Center,64132,Not Applicable: Standalone Property,12/31/2016 12:00:00 AM,"17,000",Other - Recreation,Museum,1999,,"1,445,860.8",85.1,"460,774.2",27.1,213.8,"4,540,003",267.1,"1,446,831.2",85.1,213.8,"1,591,632.2",93.6,"4,997,725.2",294,"52,524.69",3.09,,0,0,304.9,17.9,(SPNO) SPNO (KS-Western MO),210.9,"4701 E Gregory Blvd
Kansas City, Missouri 64132
(38.996878, -94.532036)",131,2,7,151
02-IS-01810,Kemper Arena,64102,American Royal Complex,12/31/2016 12:00:00 AM,"283,856",Indoor Arena,Indoor Arena,1974,,"5,905,668.9",20.8,"9,769,420.9",34.4,-39.5,"14,603,849.3",51.4,"24,158,336.1",85.1,-39.5,"6,375,469.8",22.5,"15,097,140.3",53.2,"257,935.84",0.91,290.2,100.1,0.4,847.9,3,(SPNO) SPNO (KS-Western MO),210.9,"1800 Genessee St
Kansas City, Missouri 64102
(39.093352, -94.605201)",241,4,7,20
08-IS-01815,GEM Theatre,64108,Not Applicable: Standalone Property,12/31/2016 12:00:00 AM,"34,896",Performing Arts,Performing Arts,1960,,"1,097,123.4",31.4,"945,833.9",27.1,16,"3,444,967.3",98.7,"2,969,918.9",85.1,16,"1,192,291.5",34.2,"3,743,795.4",107.3,"58,250.25",1.67,212.2,0,0,231.4,6.6,(SPNO) SPNO (KS-Western MO),210.9,"1615 E 18th St
Kansas City, Missouri 64108
(39.091177, -94.562626)",234,3,7,92
23-IS-00100,Kansas City Museum,64123,Not Applicable: Standalone Property,12/31/2016 12:00:00 AM,"13,964",Museum,Museum,1909,,"4,989,836.2",357.3,"708,118.9",50.7,604.7,"8,374,500.4",599.7,"1,188,444.2",85.1,604.7,"5,416,281.2",387.9,"8,684,015.4",621.9,"72,690.16",5.21,27.8,185.4,13.3,316.4,22.7,(SPNO) SPNO (KS-Western MO),210.9,"3218 Gladstone Blvd
Kansas City, Missouri 64123
(39.115317, -94.542455)",202,4,7,76
08-IS-01820,18th and Vine Museums,64108,Not Applicable: Standalone Property,12/31/2016 12:00:00 AM,"55,200",Museum,Museum,1960,,"5,639,235.5",102.2,"1,496,161",27.1,276.9,"17,707,199.5",320.8,"4,697,946",85.1,276.9,"5,639,235.5",102.2,"17,707,199.5",320.8,"186,047.25",3.37,74.2,0,0,"1,189.3",21.5,(SPNO) SPNO (KS-Western MO),210.9,"1600 E 18th St
Kansas City, Missouri 64108
(39.091201, -94.563361)",234,3,7,92
05-IS-01335,Municipal Auditorium,64105,Convention Center Complex,12/31/2016 12:00:00 AM,"570,440",Social/Meeting Hall,Indoor Arena,1960,,,,"25,836,042.5",45.3,,,,"48,548,846",85.1,,"20,649,928.0",36.2,"34,112,312.0",59.8,,,"1,925.2",0,0,0,0,(SPNO) SPNO (KS-Western MO),210.9,"1300 Wyandotte
Kansas City, Missouri 64105
(39.098741, -94.585616)",5,4,7,72
32-IS-06615,Battle of Westport Museum & Visitor Center,64132,Not Applicable: Standalone Property,12/31/2016 12:00:00 AM,"10,530",Museum,Museum,1906,,"758,241.6",72,"392,663.8",37.3,93.1,"1,730,549.9",164.3,"896,184.3",85.1,93.1,"815,506.9",77.4,"1,790,678.4",170.1,"17,081.84",1.62,,16.5,1.6,94.3,9,(SPNO) SPNO (KS-Western MO),210.9,"6601 Swope Pkwy
Kansas City, Missouri 64132
(39.007262, -94.542334)",52,2,7,151
26-IS-01815,Police Athletic League,64126,Not Applicable: Standalone Property,12/31/2016 12:00:00 AM,"13,400",Other - Recreation,Other - Recreation,1960,,"1,529,944.6",114.2,"715,874.1",53.4,113.7,"2,772,669",206.9,"1,297,355.4",96.8,113.7,"1,705,249.3",127.3,"2,908,153.4",217,"32,948.03",2.46,"2,054.3",51.6,3.9,117.7,8.8,(SPNO) SPNO (KS-Western MO),210.9,"1801 White Ave
Kansas City, Missouri 64126
(39.089094, -94.512695)",6,3,7,94
31-IS-08210,Marlborough Community Center,64131,Not Applicable: Standalone Property,12/31/2016 12:00:00 AM,"8,265",Other - Recreation,Other - Recreation,1960,,"483,045.3",58.4,"403,673.1",48.8,19.7,"957,536.1",115.9,"800,197.2",96.8,19.7,"544,063.0",65.8,"996,160.5",120.5,"12,511.53",1.51,,14.2,1.7,45.4,5.5,(SPNO) SPNO (KS-Western MO),210.9,"8200 Paseo
Kansas City, Missouri 64131
(38.978826, -94.56708)",205,2,7,151
51-IS-06000,Line Creek Community Center,64151,Not Applicable: Standalone Property,12/31/2016 12:00:00 AM,"33,237",Other - Recreation,Other - Recreation,1996,,"4,857,745.5",146.2,"1,038,170.7",31.2,367.9,"15,057,123.3",453,"3,217,925.5",96.8,367.9,"5,090,163.8",153.1,"15,745,124.2",473.7,"161,089.24",4.85,,5,0.2,"1,004.7",30.2,(SPNO) SPNO (KS-Western MO),210.9,"2601 NW 60th St
Kansas City, Missouri 64151
(39.203107, -94.612613)",152,5,3,66
53-IS-09710,The Springs Aquatic Center,64153,Not Applicable: Standalone Property,12/31/2016 12:00:00 AM,"8,000",Swimming Pool,Swimming Pool,1960,,"1,312,478.3",97.5,"421,627.5",31.3,211.3,"4,055,096.1",301.4,"1,302,680.4",96.8,211.3,"1,167,240.5",86.8,"3,606,533.8",268,"60,002.86",4.46,,1.7,0.1,304.1,22.6,(SRMW) SRMW (Middle Mississippi),237.4,"9400 N Congress Ave
Kansas City, Missouri 64153
(39.264802, -94.668294)",203,5,3,130
34-IS-10410,Hillcrest Community Center,64134,Not Applicable: Standalone Property,12/31/2016 12:00:00 AM,"21,838",Other - Recreation,Other - Recreation,1995,,"1,777,464.9",81.4,"673,344.5",30.8,164,"5,581,239.9",255.6,"2,114,302.1",96.8,164,"1,841,533.1",84.3,"5,782,414.0",264.8,"60,082.41",2.75,,0,0,374.9,17.2,(SPNO) SPNO (KS-Western MO),210.9,"10401 Hillcrest Rd
Kansas City, Missouri 64134
(38.935749, -94.522681)",108,1,7,143
32-IS-06300,Southeast Community Center,64132,Not Applicable: Standalone Property,12/31/2016 12:00:00 AM,"46,755",Other - Recreation,Other - Recreation,2008,,"4,240,819.4",90.7,"1,582,354.3",33.8,168,"12,131,883.7",259.5,"4,526,705.4",96.8,168,"4,287,116.4",91.7,"12,180,495.5",260.5,"121,973.22",2.61,,30.1,0.6,774.9,16.6,(SPNO) SPNO (KS-Western MO),210.9,"4201 E 63rd St
Kansas City, Missouri 64132
(39.011894, -94.535221)",52,2,7,151
30-IS-04810,Brush Creek Community Center,14219,Not Applicable: Standalone Property,12/31/2016 12:00:00 AM,"14,219",Other - Recreation,Other - Recreation,1996,,"1,380,423.6",97.1,"438,585.6",30.8,214.7,"4,332,925.1",304.7,"1,376,649",96.8,214.7,"1,380,423.6",97.1,"4,332,925.1",304.7,"47,512.37",3.34,,0,0,67.4,4.7,(NYUP) NYUP (Upstate NY),48.9,"3801 Emanuel Clever II Blvd
Kansas City, Missouri 14219
(39.03862, -94.542186)",175,3,7,157
11-IS-03710,Westport Roanoke Community Center,64111,Not Applicable: Standalone Property,12/31/2016 12:00:00 AM,"11,463",Other - Recreation,Other - Recreation,1962,,"1,713,531.6",149.5,"558,035.3",48.7,207.1,"3,407,869.3",297.3,"1,109,819.8",96.8,207.1,"1,801,064.8",157.1,"3,458,331.4",301.7,"33,119.97",2.89,,50.1,4.4,162.3,14.2,(SPNO) SPNO (KS-Western MO),210.9,"3601 Roanoke
Kansas City, Missouri 64111
(39.062253, -94.601018)",232,4,7,50
16-IS-03920,Kansas City North Community Center,64117,Not Applicable: Standalone Property,12/31/2016 12:00:00 AM,"19,522",Other - Recreation,Other - Recreation,1950,,"1,509,589.6",77.3,"870,786.3",44.6,73.4,"3,276,618.1",167.8,"1,890,072.6",96.8,73.4,"1,672,635.0",85.7,"3,390,433.9",173.7,"36,399.20",1.86,,37.2,1.9,170.7,8.7,(SPNO) SPNO (KS-Western MO),210.9,"3930 NE Antioch Rd
Kansas City, Missouri 64117
(39.165222, -94.548564)",86,6,4,167
08-IS-01620,Gregg-Klice Community Center,64106,Not Applicable: Standalone Property,12/31/2016 12:00:00 AM,"34,290",Other - Recreation,Other - Recreation,1997,,"3,622,139.7",105.6,"1,057,284.7",30.8,242.6,"11,373,518.5",331.7,"3,319,874.4",96.8,242.6,"3,622,139.7",105.6,"11,373,518.5",331.7,"139,986.74",4.08,,0,0,763.9,22.3,(SPNO) SPNO (KS-Western MO),210.9,"1600 E 17th Ter
Kansas City, Missouri 64106
(39.092038, -94.562455)",54,3,7,92
08-IS-02125,Tony Aguirre Community Center,64108,Not Applicable: Standalone Property,12/31/2016 12:00:00 AM,"24,505",Other - Recreation,Other - Recreation,2000,,"6,164,874.5",251.6,"1,492,397.1",60.9,313.1,"9,800,511.3",399.9,"2,372,514.5",96.8,313.1,"6,599,628.2",269.3,"10,160,561.3",414.6,"86,678.62",3.54,,242.9,9.9,335.8,13.7,(SPNO) SPNO (KS-Western MO),210.9,"2050 W Pennway
Kansas City, Missouri 64108
(39.088496, -94.594597)",149,4,7,92
06-IS-00500,Garrison Community Center,64106,Not Applicable: Standalone Property,12/31/2016 12:00:00 AM,"13,913",Other - Recreation,Other - Recreation,1960,,"1,072,393",77.1,"814,648.6",58.6,31.6,"1,773,203.8",127.4,"1,347,022.8",96.8,31.6,"1,282,548.5",92.2,"1,993,867.0",143.3,"18,925.84",1.36,,40.5,2.9,65.3,4.7,(SPNO) SPNO (KS-Western MO),210.9,"1124 E 5th St
Kansas City, Missouri 64106
(39.11089, -94.569364)",102,4,7,75
57-IS-08900,Shoal Creek Golf Course Clubhouse,64157,Not Applicable: Standalone Property,12/31/2016 12:00:00 AM,"15,000",Other - Recreation,Other - Recreation,1960,,"829,436",55.3,"462,504.3",30.8,79.3,"2,604,428.9",173.6,"1,452,263.5",96.8,79.3,"792,079.5",52.8,"2,487,129.7",165.8,"33,825.70",2.26,,0,0,196.9,13.1,(SRMW) SRMW (Middle Mississippi),237.4,"8905 Shoal Creek Pkwy
Kansas City, Missouri 64157
(39.256051, -94.487252)",244,6,4,152
27-IS-02720,Police Dept. Vehicle Maintenance Facility,64127,Not Applicable: Standalone Property,12/31/2016 12:00:00 AM,"21,500","Repair Services (Vehicle, Shoe, Locksmith, etc.)","Repair Services (Vehicle, Shoe, Locksmith, etc.)",1960,,"2,144,318.2",99.7,"931,067.6",43.3,130.3,"4,970,991",231.2,"2,158,415.3",100.4,130.3,"2,315,900.0",107.7,"5,151,151.9",239.6,"74,804.28",3.48,264.7,44.8,2.1,274.4,12.8,(SPNO) SPNO (KS-Western MO),210.9,"5217 E 27th St
Kansas City, Missouri 64127
(39.076136, -94.522425)",107,3,7,95
30-IS-05920,Swope Ridge Geriatric Center,64130,Not Applicable: Standalone Property,12/31/2016 12:00:00 AM,"105,685",Other - Services,Other - Services,1960,,"12,907,238.9",122.1,"3,866,755",36.6,233.8,"35,415,757.1",335.1,"10,609,865.9",100.4,233.8,"13,065,144.4",123.6,"35,430,740.4",335.2,"309,685.04",2.93,"4,384.7",129.9,1.2,"2,206.1",20.9,(SPNO) SPNO (KS-Western MO),210.9,"5900 Swope Pkwy
Kansas City, Missouri 64130
(39.018401, -94.541967)",16,2,7,157
53-IS-11620,KCI-Fleet Maintenance Facility,64153,Not Applicable: Standalone Property,12/31/2016 12:00:00 AM,"36,935","Repair Services (Vehicle, Shoe, Locksmith, etc.)","Repair Services (Vehicle, Shoe, Locksmith, etc.)",1960,,"2,157,696.5",58.4,"3,531,387.4",95.6,-38.9,"2,265,581.3",61.3,"3,707,956.6",100.4,-38.9,"2,514,988.6",68.1,"2,640,738.0",71.5,"15,716.88",0.43,,114.6,3.1,0,0,(SRMW) SRMW (Middle Mississippi),237.4,"125 Paris
Kansas City, Missouri 64153
(39.30387, -94.721653)",203,5,3,130
20-IS-01810,Fire Vehicle Parts and Maintenance Facility,64120,Not Applicable: Standalone Property,12/31/2016 12:00:00 AM,"10,500","Repair Services (Vehicle, Shoe, Locksmith, etc.)","Repair Services (Vehicle, Shoe, Locksmith, etc.)",1960,,"874,450.4",83.3,"733,389.8",69.8,19.2,"1,256,857.8",119.7,"1,054,109.8",100.4,19.2,"1,007,368.2",95.9,"1,386,266.9",132,"12,622.31",1.20,40.5,37.8,3.6,34.2,3.3,(SPNO) SPNO (KS-Western MO),210.9,"4951 Stilwell Ave
Kansas City, Missouri 64120
(39.141354, -94.522059)",53,4,7,144
37-IS-09720,PD South Patrol West Outbuilding (Vehicle Maintenance Bldg G),64137,Police Dept. South Patrol Campus,12/31/2016 12:00:00 AM,"11,108","Repair Services (Vehicle, Shoe, Locksmith, etc.)","Repair Services (Vehicle, Shoe, Locksmith, etc.)",1960,,"980,628.7",88.3,"792,936.1",71.4,23.7,"1,379,109.7",124.2,"1,115,147.8",100.4,23.7,"1,088,512.9",98,"1,492,388.2",134.4,"12,936.46",1.16,,43.2,3.9,35.3,3.2,(SPNO) SPNO (KS-Western MO),210.9,"9701 Marion Park Dr
Kansas City, Missouri 64137
(38.948435, -94.535695)",178,2,7,149
53-IS-12220,KCI-Sand & De-Ice Building,64153,Not Applicable: Standalone Property,12/31/2016 12:00:00 AM,"17,415",Other - Services,Other - Services,1960,,"1,346,004.6",77.3,"985,685.9",56.6,36.6,"2,387,415.6",137.1,"1,748,316.4",100.4,36.6,"1,537,531.5",88.3,"2,626,843.8",150.8,"18,712.48",1.07,78.7,46.7,2.7,110.6,6.4,(SRMW) SRMW (Middle Mississippi),237.4,"1 N Manila Sq
Kansas City, Missouri 64153",,,,
53-IS-11900,KCI-Aviation Facilities Building,64153,Not Applicable: Standalone Property,12/31/2016 12:00:00 AM,"10,000",Other - Services,Other - Services,1972,,"829,555.2",83,"557,238.4",55.7,48.9,"1,494,516.8",149.5,"1,003,914.1",100.4,48.9,"919,969.9",92,"1,589,452.2",158.9,"12,821.47",1.28,15.8,28.2,2.8,70.8,7.1,(SRMW) SRMW (Middle Mississippi),237.4,"711 Mexico City Ave
Kansas City, Missouri 64153
(39.308966, -94.71735)",203,5,3,130
30-IS-05910,Swope Ridge Day Care,64130,Not Applicable: Standalone Property,12/31/2016 12:00:00 AM,"26,666",Other - Services,Other - Services,1960,,"2,564,967",96.2,"1,122,277.5",42.1,128.6,"6,118,372.5",229.4,"2,677,037.3",100.4,128.6,"2,624,665.2",98.4,"6,145,561.8",230.5,"58,026.93",2.18,562.5,49.2,1.8,345.6,13,(SPNO) SPNO (KS-Western MO),210.9,"5900 Swope Pkwy
Kansas City, Missouri 64130
(39.018401, -94.541967)",16,2,7,157
06-MF-00510,City Market CM-1,64105,Not Applicable: Standalone Property,12/31/2016 12:00:00 AM,"21,808",Other,Other,1960,,"773,645.8",35.5,"1,732,817",79.5,-55.4,"1,198,774.7",55,"2,685,023.6",123.1,-55.4,"843,480.1",38.7,"1,244,139.7",57,"14,245.93",0.65,"4,278.4",31.3,1.4,39,1.8,(SPNO) SPNO (KS-Western MO),210.9,"20 E 5th St
Kansas City, Missouri 64105
(39.108645, -94.581167)",71,4,7,75
20-IS-01615,MSC Complex,64120,MSC Complex,12/31/2016 12:00:00 AM,"306,000",Other - Public Services,Other - Public Services,1960,,"14,743,639.3",48.2,"14,560,870.7",47.6,1.3,"38,147,931.2",124.7,"37,675,037.2",123.1,1.3,"15,241,565.6",49.8,"38,346,648.4",125.3,"386,585.31",1.26,265.5,207,0.7,"2,287.3",7.5,(SPNO) SPNO (KS-Western MO),210.9,"5300 Municipal Ave
Kansas City, Missouri 64120
(39.134399, -94.521642)",53,4,7,144
53-IS-11750,Park Air Express Facility,64153,Not Applicable: Standalone Property,12/31/2016 12:00:00 AM,"25,000",Mixed Use Property,Other,2004,,"3,419,587.6",136.8,"1,769,532.2",70.8,93.2,"5,948,226.9",237.9,"3,078,025.9",123.1,93.2,"3,816,133.1",152.6,"6,364,599.6",254.6,"48,052.44",1.92,"1,054.5",121.7,4.9,267.8,10.7,(SRMW) SRMW (Middle Mississippi),237.4,"11500 NW Prairie View Rd
Kansas City, Missouri 64153
(39.301985, -94.686507)",203,5,3,130
20-IS-01610,MSC Facility,64120,MSC Complex,12/31/2016 12:00:00 AM,"258,000",Office,Other - Public Services,1987,,"10,987,233.9",42.6,"11,464,883.8",44.4,-4.2,"30,441,826.2",118,"31,765,227.5",123.1,-4.2,"10,881,244.6",42.2,"30,109,019.8",116.7,"303,978.98",1.18,,103.1,0.4,"1,907.7",7.4,(SPNO) SPNO (KS-Western MO),210.9,"5300 Municipal Ave
Kansas City, Missouri 64120
(39.134399, -94.521642)",53,4,7,144
05-IS-00520,City Market CM-5,64105,Not Applicable: Standalone Property,12/31/2016 12:00:00 AM,"8,366",Mixed Use Property,Other,1960,,"760,179.2",90.9,"547,394.3",65.4,38.9,"1,430,427.3",171,"1,030,030.6",123.1,38.9,"873,988.1",104.5,"1,530,374.7",182.9,"16,190.19",1.94,323.2,24.3,2.9,63.8,7.6,(SPNO) SPNO (KS-Western MO),210.9,"106 E 5th St
Kansas City, Missouri 64105
(39.108566, -94.581588)",71,4,7,75
06-IS-01118,Communications Center,64106,Not Applicable: Standalone Property,12/31/2016 12:00:00 AM,"139,426",Mixed Use Property,Other,1960,,"22,012,083",157.9,"7,561,916.9",54.2,191.1,"49,969,533.3",358.4,"17,166,273.7",123.1,191.1,"22,245,728.9",159.6,"50,703,181.3",363.7,"490,162.02",3.52,,0,0,"3,226.7",23.1,(SPNO) SPNO (KS-Western MO),210.9,"1111 Locust St
Kansas City, Missouri 64106
(39.10079, -94.577335)",5,4,7,75
02-IS-02010,Exhibition Hall,64102,American Royal Complex,12/31/2016 12:00:00 AM,"46,000",Convention Center,Other,1973,,"3,211,832.1",69.8,"1,803,683.8",39.2,78.1,"10,085,152.9",219.2,"5,663,567.7",123.1,78.1,"3,211,832.1",69.8,"10,085,152.9",219.2,"137,357.36",2.99,,0,0,677.4,14.7,(SPNO) SPNO (KS-Western MO),210.9,"1701 American Royal Ct
Kansas City, Missouri 64102
(39.090535, -94.603652)",241,4,7,20
57-IS-06840,Shoal Creek Police Garage,64157,Police Dept. Shoal Creek Campus,12/31/2016 12:00:00 AM,960,Parking,Other,2013,,"20,004.7",20.8,"37,642.1",39.2,-46.9,"62,814.9",65.4,"118,196.2",123.1,-46.9,"20,004.7",20.8,"62,814.9",65.4,"3,282.95",3.42,,0,0,4.7,4.9,(SRMW) SRMW (Middle Mississippi),237.4,"6891 NE Pleasant Valley Rd
Kansas City, Missouri 64157
(39.21659, -94.498142)",244,6,4,135
05-IS-00315,City Market CM-2B,64105,Not Applicable: Standalone Property,12/31/2016 12:00:00 AM,"10,086",Other,Other,1960,,352.7,0,"395,477.3",39.2,-99.9,"1,107.4",0.1,"1,241,798.8",123.1,-99.9,352.7,0.03496926432678961,"1,107.4",0.1,268.27,0.03,"1,092",0,0,0.1,0,(SPNO) SPNO (KS-Western MO),210.9,"401 Main St
Kansas City, Missouri 64105
(39.109456, -94.583164)",71,4,7,75
02-IS-01715,Power Plant,64102,American Royal Complex,12/31/2016 12:00:00 AM,"9,000",Energy/Power Station,Other,1973,,"3,089,082.6",343.2,"352,894.6",39.2,775.4,"9,699,719.3","1,077.7","1,108,089.3",123.1,775.4,"2,800,248.1",311.1,"8,792,779.0",977,"172,380.54",19.15,,0,0,651.5,72.4,(SPNO) SPNO (KS-Western MO),210.9,"1703 American Royal Ct
Kansas City, Missouri 64102
(39.09057, -94.603708)",241,4,7,20
05-IS-00415,City Market CM-4S,64105,Not Applicable: Standalone Property,12/31/2016 12:00:00 AM,"27,102",Enclosed Mall,Other,1960,,"6,732,743.3",248.4,"1,159,420.7",42.8,480.7,"19,376,914.7",715,"3,336,826.3",123.1,480.7,"6,962,569.4",256.9,"19,618,232.1",723.9,"173,874.59",6.42,82.5,44.8,1.7,"1,241.9",45.8,(SPNO) SPNO (KS-Western MO),210.9,"400 Grand Blvd
Kansas City, Missouri 64105
(39.109712, -94.580768)",71,4,7,75
30-IS-04510,SPEC Building,64129,Public Works District 3,12/31/2016 12:00:00 AM,"25,848",Other - Public Services,Other,1976,,"579,528.3",22.4,"1,013,513.4",39.2,-42.8,"1,819,718.7",70.4,"3,182,432.6",123.1,-42.8,"567,433.0",22,"1,781,739.5",68.9,"23,601.25",0.91,,0,0,122.2,4.7,(SPNO) SPNO (KS-Western MO),210.9,"4721 Coal Mine Rd
Kansas City, Missouri 64129
(39.042016, -94.513133)",20,3,7,155
29-IS-04410,Animal Shelter,64129,Not Applicable: Standalone Property,12/31/2016 12:00:00 AM,"14,150",Other,Other,1960,,"8,157,865.1",576.5,"1,288,493.4",91.1,533.1,"11,030,190.5",779.5,"1,742,162.7",123.1,533.1,"8,361,767.2",590.9,"11,082,684.6",783.2,"87,741.59",6.20,"2,229.8",370.7,26.2,248.7,17.6,(SPNO) SPNO (KS-Western MO),210.9,"4400 Raytown Rd
Kansas City, Missouri 64129
(39.047831, -94.494654)",15,3,7,155
53-IS-12800,KCI-Field Maintenance North,64153,Not Applicable: Standalone Property,12/31/2016 12:00:00 AM,"57,472",Other,Other,1993,,"3,943,231.2",68.6,"3,801,364",66.1,3.7,"7,340,089.4",127.7,"7,076,012.2",123.1,3.7,"4,413,186.0",76.8,"7,884,562.7",137.2,"61,010.47",1.06,,128.1,2.2,363.4,6.3,(SRMW) SRMW (Middle Mississippi),237.4,"154 Tokyo Ave
Kansas City, Missouri 64153
(39.323646, -94.715122)",203,5,3,133
53-IS-11730,KCI-Glycol Building,64153,Not Applicable: Standalone Property,12/31/2016 12:00:00 AM,"54,764",Other - Public Services,Other - Public Services,1960,,"181,318.9",3.3,"2,147,324.7",39.2,-91.6,"569,341.5",10.4,"6,742,600.5",123.1,-91.6,"181,318.9",3.3,"569,341.5",10.4,"5,334.63",0.10,6,0,0,43,0.8,(SRMW) SRMW (Middle Mississippi),237.4,"218 Bogota St
Kansas City, Missouri 64153
(39.302925, -94.721873)",203,5,3,130
06-CM-00410,City Market CM-4N,64105,Not Applicable: Standalone Property,12/31/2016 12:00:00 AM,"24,411",Enclosed Mall,Other,1960,,"3,178,850.3",130.2,"1,199,541.4",49.1,165,"7,964,759",326.3,"3,005,507.6",123.1,165,"3,281,070.2",134.4,"7,834,520.4",320.9,"86,883.63",3.56,881.3,51.3,2.1,466.9,19.1,(SPNO) SPNO (KS-Western MO),210.9,"400 Grand Blvd
Kansas City, Missouri 64105
(39.109712, -94.580768)",71,4,7,75
01-IS-09000,Parks Dist. 2 - 9th St. Maintenance Facility,64101,Not Applicable: Standalone Property,12/31/2016 12:00:00 AM,"37,000",Mixed Use Property,Other,1960,,"2,525,292.2",68.3,"2,319,276",62.7,8.9,"4,960,131.2",134.1,"4,555,478.4",123.1,8.9,"2,782,101.1",75.2,"5,235,076.2",141.5,"44,968.60",1.22,273,75.5,2,233,6.3,(SPNO) SPNO (KS-Western MO),210.9,"1526 W 9th St
Kansas City, Missouri 64101
(39.104329, -94.603331)",241,4,7,56
53-IS-11740,KCI-Taxi Operations,64153,Not Applicable: Standalone Property,12/31/2016 12:00:00 AM,"3,578",Other - Public Services,Other - Public Services,1960,,"480,085.2",134.2,"177,118.4",49.5,171.1,"1,194,063.4",333.7,"440,527.1",123.1,171.1,"509,124.0",142.3,"1,224,554.2",342.2,"11,646.43",3.26,150.8,8,2.2,78.4,21.9,(SRMW) SRMW (Middle Mississippi),237.4,"6 International Sq
Kansas City, Missouri 64153
(39.298028, -94.716897)",203,5,3,130
32-IS-06715,Parks South District Maintenance Facility,64132,Not Applicable: Standalone Property,12/31/2016 12:00:00 AM,"16,102",Mixed Use Property,Other - Public Services,2001,,"521,734.1",32.4,"631,367.7",39.2,-17.4,"1,638,245.1",101.7,"1,982,494.9",123.1,-17.4,"509,331.1",31.6,"1,599,299.6",99.3,"18,053.50",1.12,,0,0,110,6.8,(SPNO) SPNO (KS-Western MO),210.9,"6901 Elmwood
Kansas City, Missouri 64132
(39.001076, -94.533345)",111,2,7,151
27-IS-01915,Fleet Operations Building - Brooklyn Ave.,64127,Not Applicable: Standalone Property,12/31/2016 12:00:00 AM,"67,000",Other - Public Services,Other - Public Services,1960,,"2,036,369.6",30.4,"2,627,104.6",39.2,-22.5,"6,394,200.6",95.4,"8,249,109.5",123.1,-22.5,"2,036,369.6",30.4,"6,394,200.6",95.4,"82,733.54",1.23,633,0,0,429.5,6.4,(SPNO) SPNO (KS-Western MO),210.9,"2301 E 19th St
Kansas City, Missouri 64127
(39.089904, -94.555402)",234,3,7,95
08-IS-02135,Water Services Industrial Waste Control Facility,64106,Not Applicable: Standalone Property,12/31/2016 12:00:00 AM,"55,351",Other - Public Services,Other - Public Services,1960,,"850,280.4",15.4,"3,421,158",61.8,-75.1,"1,693,740.1",30.6,"6,814,872.5",123.1,-75.1,"960,271.8",17.3,"1,798,411.5",32.5,"18,315.17",0.33,114.7,24.8,0.4,80.8,1.5,(SPNO) SPNO (KS-Western MO),210.9,"1001 Harrison St
Kansas City, Missouri 64106
(39.101741, -94.571044)",183,3,7,75
05-IS-00515,City Market CM-3,64105,Not Applicable: Standalone Property,12/31/2016 12:00:00 AM,"32,418",Mixed Use Property,Other,1960,,"1,158,135.7",35.7,"2,871,400.7",88.6,-59.7,"1,609,845.4",49.7,"3,991,337.8",123.1,-59.7,"1,363,645.3",42.1,"1,813,805.2",56,"15,625.08",0.48,794.2,51.5,1.6,39.7,1.2,(SPNO) SPNO (KS-Western MO),210.9,"5 - 23 E 3rd St
Kansas City, Missouri 64105
(39.109861, -94.5833)",71,4,7,75
20-IS-01620,PACCAR,64120,Not Applicable: Standalone Property,12/31/2016 12:00:00 AM,"244,740",Office,Other,1960,,"10,607,572.5",43.3,"12,703,048.2",51.9,-16.5,"25,162,006.4",102.8,"30,132,642.5",123.1,-16.5,"11,590,065.9",47.4,"25,989,407.2",106.2,"320,352.82",1.31,"2,093.3",207,0.8,"1,415.1",5.8,(SPNO) SPNO (KS-Western MO),210.9,"1301 N Chouteau Trfy
Kansas City, Missouri 64120
(39.135441, -94.526854)",53,4,7,144
57-IS-06830,Shoal Creek Central Plant and Police Academy,64157,Police Dept. Shoal Creek Campus,12/31/2016 12:00:00 AM,"12,984",Police Station,Other,2006,,"16,096,329.1","1,239.7","864,504.8",66.6,"1,761.9","29,764,612.1","2,292.4","1,598,603.5",123.1,"1,761.9","16,606,619.7","1,279","29,629,030.7","2,282","277,018.85",21.34,"1,878",528,40.7,"1,461.1",112.5,(SRMW) SRMW (Middle Mississippi),237.4,"6885 NE Pleasant Valley Rd
Kansas City, Missouri 64157
(39.216579, -94.49904)",187,6,4,135
20-IS-01630,Traffic Operations Center,64120,MSC Complex,12/31/2016 12:00:00 AM,"48,000",Other - Public Services,Other - Public Services,1960,,"3,756,405.4",78.3,"2,880,786.4",60,30.4,"7,706,105",160.5,"5,909,809.8",123.1,30.4,"4,220,354.5",87.9,"8,123,240.3",169.2,"82,606.33",1.72,265.5,103.9,2.2,379.6,7.9,(SPNO) SPNO (KS-Western MO),210.9,"5310 Municipal Ave
Kansas City, Missouri 64120
(39.134201, -94.522013)",53,4,7,144
57-IS-06820,Shoal Creek Police Pistol Range,64157,Police Dept. Shoal Creek Campus,12/31/2016 12:00:00 AM,"23,270",Police Station,Other - Public Services,2006,,"1,408,974.1",60.5,"912,428.7",39.2,54.4,"4,424,178.6",190.1,"2,865,026.5",123.1,54.4,"1,408,974.1",60.5,"4,424,178.6",190.1,"52,671.12",2.26,,0,0,334.5,14.4,(SRMW) SRMW (Middle Mississippi),237.4,"6889 NE Pleasant Valley Rd
Kansas City, Missouri 64157
(39.21659, -94.498161)",244,6,4,135
30-IS-04720,Public Works District 3,64130,Public Works District 3,12/31/2016 12:00:00 AM,"73,848",Other - Public Services,Other - Public Services,1960,,"2,203,874.5",29.8,"4,406,487",59.7,-50,"4,547,422.6",61.6,"9,092,242.3",123.1,-50,"2,427,836.1",32.9,"4,771,961.3",64.6,"49,645.31",0.67,702.7,60.3,0.8,225.4,3.1,(SPNO) SPNO (KS-Western MO),210.9,"4725 Coal Mine Rd
Kansas City, Missouri 64130
(39.043357, -94.51788)",20,3,7,157
32-IS-06910,Swope Park Greenhouse,64132,Not Applicable: Standalone Property,12/31/2016 12:00:00 AM,"23,375",Other,Other,1960,,"5,008,994.5",214.3,"2,399,841.7",102.7,108.7,"6,006,919.6",257,"2,877,954.2",123.1,108.7,"5,872,464.0",251.2,"6,980,744.5",298.6,"45,440.78",1.94,,247.1,10.6,75.4,3.2,(SPNO) SPNO (KS-Western MO),210.9,"6901 Elmwood
Kansas City, Missouri 64132
(39.001076, -94.533345)",111,2,7,151
27-IS-02515,Animal Control,64127,Not Applicable: Standalone Property,12/31/2016 12:00:00 AM,"4,243",Other - Public Services,Office,1960,,"327,360.9",77.2,"200,056.5",47.1,63.6,"1,027,913.3",242.3,"628,177.4",148.1,63.6,"318,544.0",75.1,"1,000,228.1",235.7,"11,395.25",2.69,75.8,0,0,69,16.3,(SPNO) SPNO (KS-Western MO),210.9,"2534 Prospect Ave
Kansas City, Missouri 64127
(39.079405, -94.552384)",234,3,7,95
08-CM-01860,Jazz District Office KC FOAA,64108,Not Applicable: Standalone Property,12/31/2016 12:00:00 AM,"3,900",Office,Office,1960,,"107,788.4",27.6,"203,802.8",52.3,-47.1,"305,376.6",78.3,"577,396.1",148.1,-47.1,"107,788.4",27.6,"305,376.6",78.3,"5,386.89",1.38,,0.8,0.2,19.4,5,(SPNO) SPNO (KS-Western MO),210.9,"1714 E 18th St
Kansas City, Missouri 64108
(39.091152, -94.561834)",234,3,7,92
53-IS-12110,KCI-Parking And Bus Administration,64153,Not Applicable: Standalone Property,12/31/2016 12:00:00 AM,"1,152",Office,Office,1960,,"1,486,617.8","1,290.5","61,220.6",53.1,"2,328.3","4,141,558.1","3,595.1","170,553.9",148.1,"2,328.3","1,524,730.3","1,323.6","4,181,576.2","3,629.8","33,829.20",29.37,161.3,13.4,11.6,293.1,254.4,(SRMW) SRMW (Middle Mississippi),237.4,"400 Panama City Ave
Kansas City, Missouri 64153
(39.312254, -94.70941)",203,5,3,133
32-IS-07510,Police Dept. Mounted Patrol,64132,Not Applicable: Standalone Property,12/31/2016 12:00:00 AM,"23,900",Police Station,Police Station,1960,,"264,416.7",11.1,"1,174,855.7",49.2,-77.5,"830,268.3",34.7,"3,689,047.3",154.4,-77.5,"289,735.5",12.1,"909,769.6",38.1,"10,342.89",0.43,,0,0,55.8,2.3,(SPNO) SPNO (KS-Western MO),210.9,"7331 Oakwood Dr
Kansas City, Missouri 64132",,,,
10-IS-08410,Fire Station 44,64410,Not Applicable: Standalone Property,12/31/2016 12:00:00 AM,"3,856",Fire Station,Fire Station,1967,,"511,378.3",132.6,"324,904.6",84.3,57.4,"936,784.7",242.9,"595,186.9",154.4,57.4,"543,820.4",141,"954,251.4",247.5,"10,416.88",2.70,200.2,17,4.4,28.7,7.5,Not Available,,"7511 NW Barry Rd
Kansas City, Missouri 64410
(39.246898, -94.666998)",69,5,3,77
29-IS-05110,EMS Fire Dept. Facility,64129,Not Applicable: Standalone Property,12/31/2016 12:00:00 AM,"84,840",Fire Station,Fire Station,1997,,"5,953,317.7",70.2,"4,956,774.4",58.4,20.1,"15,728,124.4",185.4,"13,095,346",154.4,20.1,"6,158,644.4",72.6,"15,778,558.9",186,"143,832.60",1.70,"1,431",75.4,0.9,956.3,11.3,(SPNO) SPNO (KS-Western MO),210.9,"7650 Eastwood Trfy
Kansas City, Missouri 64129
(39.031586, -94.496765)",19,3,7,155
10-IS-02110,Fire Station 07,64110,Not Applicable: Standalone Property,12/31/2016 12:00:00 AM,"9,615",Fire Station,Fire Station,1978,,"790,682",82.2,"666,940.2",69.4,18.6,"1,759,464.8",183,"1,484,108.3",154.4,18.6,"833,210.8",86.7,"1,770,401.3",184.1,"17,350.55",1.80,251.3,18.4,1.9,93.8,9.8,(SPNO) SPNO (KS-Western MO),210.9,"616 W Pennway Rd
Kansas City, Missouri 64110
(39.087481, -94.592217)",149,4,7,92
29-IS-04500,Police Dept. Helicopter and K-9 Unit,64129,Not Applicable: Standalone Property,12/31/2016 12:00:00 AM,"7,000",Police Station,Police Station,1960,,"478,616.4",68.4,"344,100",49.2,39.1,"1,502,855.5",214.7,"1,080,474.1",154.4,39.1,"484,576.4",69.2,"1,521,569.8",217.4,"15,726.19",2.25,0,0,0,100.9,14.4,(SPNO) SPNO (KS-Western MO),210.9,"4601 Eastern Ave
Kansas City, Missouri 64129
(39.043984, -94.498988)",19,3,7,155
37-IS-09710,PD South Patrol  Multipurpose Building,64137,Police Dept. South Patrol Campus,12/31/2016 12:00:00 AM,"32,000",Police Station,Police Station,1960,,"1,915,272.3",59.9,"1,573,028.5",49.2,21.8,"6,013,955",187.9,"4,939,310.1",154.4,21.8,"1,942,072.8",60.7,"6,098,108.7",190.6,"66,601.66",2.08,,0,0,403.9,12.6,(SPNO) SPNO (KS-Western MO),210.9,"9701 Marion Park Dr
Kansas City, Missouri 64137
(38.948435, -94.535695)",178,2,7,149
06-IS-00410,Fire Station 25,64106,Not Applicable: Standalone Property,12/31/2016 12:00:00 AM,"5,326",Fire Station,Fire Station,1957,,"709,245.7",133.2,"413,704.5",77.7,71.4,"1,409,366.4",264.6,"822,086.4",154.4,71.4,"773,242.2",145.2,"1,455,060.0",273.2,"15,367.95",2.89,109.5,20.8,3.9,67.1,12.6,(SPNO) SPNO (KS-Western MO),210.9,"401 E Missouri Ave
Kansas City, Missouri 64106
(39.108161, -94.578468)",71,4,7,75
27-IS-02715,Police Dept. East Patrol and Crime Lab,64127,Not Applicable: Standalone Property,12/31/2016 12:00:00 AM,"36,200",Police Station,Police Station,1960,,"17,903,799.8",494.6,"2,581,349.7",71.3,593.6,"38,754,603.3","1,070.6","5,587,594.6",154.4,593.6,"18,217,799.2",503.3,"38,386,743.0","1,060.4","329,683.43",9.11,,443.8,12.3,"2,013.7",55.6,(SPNO) SPNO (KS-Western MO),210.9,"2640 Prospect
Kansas City, Missouri 64127
(39.077244, -94.552482)",234,3,7,95
28-IS-03210,Fire Station 18,64120,Not Applicable: Standalone Property,12/31/2016 12:00:00 AM,"12,202",Fire Station,Fire Station,1978,,"1,255,522.6",102.9,"1,010,394.2",82.8,24.3,"2,340,351",191.8,"1,883,420.7",154.4,24.3,"1,393,512.7",114.2,"2,452,480.3",201,"22,278.53",1.83,354.8,40.7,3.3,103.1,8.5,(SPNO) SPNO (KS-Western MO),210.9,"3211 Indiana Ave
Kansas City, Missouri 64120
(39.068425, -94.543699)",77,3,7,36
20-IS-01710,Fire Station 47 / Fire Academy,64120,Not Applicable: Standalone Property,12/31/2016 12:00:00 AM,"11,259",Fire Station,Fire Station,1965,,"4,174,185.8",370.7,"878,143.7",78,375.3,"8,260,804",733.7,"1,737,865.4",154.4,375.3,"4,649,490.2",413,"8,759,873.7",778,"93,825.09",8.33,558,123.2,10.9,391.3,34.8,(SPNO) SPNO (KS-Western MO),210.9,"5130 Deramus St
Kansas City, Missouri 64120
(39.139629, -94.520156)",53,4,7,144
10-IS-05212,Fire Station 40,64110,Not Applicable: Standalone Property,12/31/2016 12:00:00 AM,"7,794",Fire Station,Fire Station,1962,,"550,019.9",70.6,"664,245.4",85.2,-17.2,"996,154.2",127.8,"1,203,030.7",154.4,-17.2,"617,811.8",79.3,"1,052,202.0",135,"10,311.08",1.32,164.2,18.6,2.4,42.2,5.4,(SPNO) SPNO (KS-Western MO),210.9,"5200 North Oak Trfy
Kansas City, Missouri 64110
(39.18827, -94.576559)",82,6,4,154
14-IS-07710,Fire Station 37,64114,Not Applicable: Standalone Property,12/31/2016 12:00:00 AM,"6,790",Fire Station,Fire Station,1958,,"414,024",61,"613,956.8",90.4,-32.6,"706,762.9",104.1,"1,048,059.9",154.4,-32.6,"448,463.3",66,"742,924.2",109.4,"7,375.15",1.09,106.5,15.1,2.2,27.5,4,(SPNO) SPNO (KS-Western MO),210.9,"7708 Wornall Rd
Kansas City, Missouri 64114
(38.988266, -94.594389)",147,1,7,162
31-IS-00930,Fire Station 28,64131,Not Applicable: Standalone Property,12/31/2016 12:00:00 AM,"6,770",Fire Station,Fire Station,1969,,"555,172.3",82,"531,677.9",78.5,4.4,"1,091,149.3",161.2,"1,044,972.8",154.4,4.4,"592,659.5",87.5,"1,112,421.0",164.3,"11,650.80",1.72,,16.6,2.4,51.3,7.6,(SPNO) SPNO (KS-Western MO),210.9,"930 E Red Bridge Rd
Kansas City, Missouri 64131
(38.925551, -94.580024)",95,1,7,163
53-IS-12210,Fire Station 05 KCI-AARF,64153,Not Applicable: Standalone Property,12/31/2016 12:00:00 AM,"14,930",Fire Station,Fire Station,1960,,"2,220,673.8",148.7,"1,535,298.7",102.8,44.6,"3,333,250.9",223.3,"2,304,496.9",154.4,44.6,"2,484,160.4",166.4,"3,609,911.7",241.8,"27,249.31",1.83,52.5,92.5,6.2,113.8,7.6,(SRMW) SRMW (Middle Mississippi),237.4,"173 Ottawa Ave
Kansas City, Missouri 64153
(39.303407, -94.722751)",203,5,3,130
19-IS-08310,Fire Station 14,64110,Not Applicable: Standalone Property,12/31/2016 12:00:00 AM,"17,152",Fire Station,Fire Station,1960,,"1,598,257.9",93.2,"1,405,431.8",81.9,13.7,"3,010,704.9",175.5,"2,647,470.2",154.4,13.7,"1,723,003.1",100.5,"3,110,120.4",181.3,"31,818.99",1.86,552.8,51,3,134.5,7.8,(SPNO) SPNO (KS-Western MO),210.9,"8300 N Brighton St
Kansas City, Missouri 64110
(39.244071, -94.520569)",244,6,4,135
26-IS-01410,Fire Station 27/HazMat Facility 17,64126,Not Applicable: Standalone Property,12/31/2016 12:00:00 AM,"17,036",Fire Station,Fire Station,1960,,"1,468,593.5",86.2,"1,357,969",79.7,8.1,"2,843,778",166.9,"2,629,565.2",154.4,8.1,"1,643,104.8",96.4,"3,027,014.9",177.7,"28,282.06",1.66,215.3,44.9,2.6,131.4,7.7,(SPNO) SPNO (KS-Western MO),210.9,"6600 E Truman Rd
Kansas City, Missouri 64126
(39.093762, -94.505345)",83,3,7,94
09-IS-01210,Police Dept. Central Patrol,64109,Not Applicable: Standalone Property,12/31/2016 12:00:00 AM,"18,310",Police Station,Police Station,1994,,"2,201,337.6",120.2,"1,124,295.2",61.4,95.8,"5,533,641.3",302.2,"2,826,211.5",154.4,95.8,"2,263,201.1",123.6,"5,514,126.9",301.2,"54,007.31",2.95,252,35,1.9,325.1,17.8,(SPNO) SPNO (KS-Western MO),210.9,"1200 E Linwood Blvd
Kansas City, Missouri 64109
(39.068631, -94.569897)",123,3,7,19
10-IS-08110,Fire Station 38,64118,Not Applicable: Standalone Property,12/31/2016 12:00:00 AM,"5,470",Fire Station,Fire Station,1959,,"467,728.3",85.5,"435,838",79.7,7.3,"906,091.7",165.6,"844,313.3",154.4,7.3,"503,826.8",92.1,"925,154.9",169.1,"10,267.14",1.88,62.3,14.3,2.6,29.8,5.5,Not Available,,"8100 Oak Trfy
Kansas City, Missouri 64118
(39.241149, -94.575981)",243,5,4,154
10-IS-06310,Fire Station 29,64110,Not Applicable: Standalone Property,12/31/2016 12:00:00 AM,"11,339",Fire Station,Fire Station,1968,,"1,006,704.5",88.8,"832,491.2",73.4,20.9,"2,116,476.2",186.7,"1,750,213.7",154.4,20.9,"1,066,498.3",94.1,"2,167,876.3",191.2,"20,815.33",1.84,651,26.5,2.3,106.9,9.4,(SPNO) SPNO (KS-Western MO),210.9,"1414 East 63rd St
Kansas City, Missouri 64110
(39.013043, -94.56913)",64,2,7,165
24-IS-00510,Fire Station 23,64124,Not Applicable: Standalone Property,12/31/2016 12:00:00 AM,"16,042",Fire Station,Fire Station,1977,,"1,778,274.4",110.9,"1,269,747.4",79.2,40,"3,467,817.5",216.2,"2,476,137.9",154.4,40,"1,872,809.8",116.7,"3,509,896.3",218.8,"35,748.73",2.23,531.8,53.8,3.4,161.5,10.1,(SPNO) SPNO (KS-Western MO),210.9,"4777 Independence Ave
Kansas City, Missouri 64124
(39.105472, -94.526683)",215,3,7,70
08-IS-01610,Police Dept. Evidence and Juvenile Units,64108,Not Applicable: Standalone Property,12/31/2016 12:00:00 AM,"14,098",Police Station,Police Station,1960,,"1,304,807.2",92.6,"813,983.4",57.7,60.3,"3,488,226.1",247.4,"2,176,074.8",154.4,60.3,"1,349,855.7",95.7,"3,449,749.7",244.7,"39,165.24",2.78,54.7,15.5,1.1,213.7,15.2,(SPNO) SPNO (KS-Western MO),210.9,"1525 Holmes St
Kansas City, Missouri 64108
(39.094876, -94.575306)",11,4,7,92
32-IS-07520,Fire Station 30,64132,Not Applicable: Standalone Property,12/31/2016 12:00:00 AM,"5,820",Fire Station,Fire Station,1969,,"616,909.2",106,"509,442.1",87.5,21.1,"1,087,841.7",186.9,"898,337",154.4,21.1,"677,157.1",116.4,"1,126,675.9",193.6,"10,784.34",1.85,198.8,21.6,3.7,44.4,7.6,(SPNO) SPNO (KS-Western MO),210.9,"7534 Prospect Ave
Kansas CIty, Missouri 64132
(38.989666, -94.557333)",154,2,7,151
32-IS-07630,PD Metro Patrol Campus,64132,PD Metro Patrol Campus,12/31/2016 12:00:00 AM,"43,301",Police Station,Police Station,1960,,"3,933,918.8",90.9,"2,409,148.7",55.6,63.3,"10,913,801.7",252,"6,683,658.4",154.4,63.3,"4,127,852.8",95.3,"11,132,968.9",257.1,"106,479.78",2.46,525,36.6,0.8,684.5,15.8,(SPNO) SPNO (KS-Western MO),210.9,"7601 Prospect Ave
Kansas City, Missouri 64132
(38.987189, -94.557459)",154,2,7,151
10-IS-01510,Fire Station 08,64410,Not Applicable: Standalone Property,12/31/2016 12:00:00 AM,"4,466",Fire Station,Fire Station,1958,,"420,767.1",94.2,"325,073.7",72.8,29.4,"892,267.4",199.8,"689,342.5",154.4,29.4,"442,392.6",99.1,"898,188.5",201.1,"9,961.33",2.23,91.5,10.9,2.4,32.4,7.3,Not Available,,"1517 Locust St
Kansas City, Missouri 64410
(39.09505, -94.577631)",11,4,7,92
16-IS-08310,Fire Station 43,64138,Not Applicable: Standalone Property,12/31/2016 12:00:00 AM,"5,109",Fire Station,Fire Station,1964,,"237,675.4",46.5,"251,143.8",49.2,-5.4,"746,300.7",146.1,"788,591.7",154.4,-5.4,"233,517.6",45.7,"733,245.1",143.5,"7,630.48",1.49,129,0,0,35.7,7,Not Available,,"12900 E 350 Hwy
Kansas City, Missouri 64138",,,,
57-IS-06850,Police Dept. Shoal Creek Campus,64157,Police Dept. Shoal Creek Campus,12/31/2016 12:00:00 AM,"60,448",Police Station,Police Station,1960,,"19,532,109.8",323.1,"4,493,915",74.3,334.6,"40,552,963.3",670.9,"9,330,356.8",154.4,334.6,"20,050,112.9",331.7,"40,441,599.6",669,"391,564.12",6.48,"1,878",528,8.7,"2,276.8",37.7,(SRMW) SRMW (Middle Mississippi),237.4,"6801 NE Pleasant Valley Rd
Kansas City, Missouri 64157
(39.21658, -94.499005)",187,6,4,135
09-IS-03412,Fire Station 17,64120,Not Applicable: Standalone Property,12/31/2016 12:00:00 AM,"11,586",Fire Station,Fire Station,1979,,"1,099,117.9",94.9,"823,745.2",71.1,33.4,"2,386,168.9",206,"1,788,339",154.4,33.4,"1,175,331.2",101.4,"2,438,520.6",210.5,"22,764.20",1.96,325.5,27.1,2.3,124.3,10.7,(SPNO) SPNO (KS-Western MO),210.9,"3401 Paseo Blvd
Kansas City, Missouri 64120
(39.064793, -94.566976)",78,3,7,19
55-IS-08310,Police Dept. North Patrol,64155,Not Applicable: Standalone Property,12/31/2016 12:00:00 AM,"12,090",Police Station,Police Station,1960,,"1,755,537.1",145.2,"594,309.8",49.2,195.4,"5,512,386.6",455.9,"1,866,133.1",154.4,195.4,"1,755,537.1",145.2,"5,512,386.6",455.9,"52,916.71",4.38,65.3,0,0,416.8,34.5,(SRMW) SRMW (Middle Mississippi),237.4,"1001 NW Barry Rd
Kansas City, Missouri 64155
(39.245952, -94.594613)",59,5,4,154
06-IS-01210,Police Dept. Headquarters,64106,Not Applicable: Standalone Property,12/31/2016 12:00:00 AM,"93,964",Police Station,Police Station,1960,,"12,048,746.7",128.2,"9,017,952.1",96,33.6,"19,378,126.1",206.2,"14,503,666.8",154.4,33.6,"12,657,181.8",134.7,"20,154,529.0",214.5,"273,478.90",2.91,,0,0,"1,170.9",12.5,(SPNO) SPNO (KS-Western MO),210.9,"1125 Locust St
Kansas City, Missouri 64106
(39.100621, -94.577345)",5,4,7,75
31-IS-09910,Fire Station 36,64131,Not Applicable: Standalone Property,12/31/2016 12:00:00 AM,"16,120",Fire Station,Fire Station,2005,,"1,822,308.2",113,"1,186,410",73.6,53.6,"3,821,803.8",237.1,"2,488,177.5",154.4,53.6,"2,007,724.0",124.5,"4,016,490.4",249.2,"42,578.55",2.64,419.2,48.3,3,192.6,11.9,(SPNO) SPNO (KS-Western MO),210.9,"9903 Holmes Rd
Kansas City, Missouri 64131
(38.947617, -94.582391)",162,1,7,163
34-IS-06010,Fire Station 42,64134,Not Applicable: Standalone Property,12/31/2016 12:00:00 AM,"7,988",Fire Station,Fire Station,1965,,"601,844.2",75.3,"564,950.1",70.7,6.5,"1,313,494.8",164.4,"1,232,975.3",154.4,6.5,"669,887.6",83.9,"1,393,092.8",174.4,"14,012.60",1.75,207.7,14.6,1.8,68.8,8.6,(SPNO) SPNO (KS-Western MO),210.9,"6006 Red Bridge Rd
Kansas City, Missouri 64134
(38.924183, -94.520394)",166,1,7,143
16-IS-03910,Fire Station 06,64110,Not Applicable: Standalone Property,12/31/2016 12:00:00 AM,"15,562",Fire Station,Fire Station,1964,,"1,198,029.9",77,"1,457,431",93.7,-17.8,"1,974,519.2",126.9,"2,402,048.3",154.4,-17.8,"1,360,107.7",87.4,"2,117,812.9",136.1,"21,633.56",1.39,284.3,45.4,2.9,72.3,4.6,(SPNO) SPNO (KS-Western MO),210.9,"2600 NE Parvin Rd
Kansas City, Missouri 64110
(39.165121, -94.550707)",86,6,4,167
32-IS-07600,Police Dept. Metro Patrol Main,64132,PD Metro Patrol Campus,12/31/2016 12:00:00 AM,"28,093",Police Station,Police Station,1960,,"3,659,403.7",130.3,"1,578,628.3",56.2,131.8,"10,051,824.5",357.8,"4,336,251.2",154.4,131.8,"3,845,904.1",136.9,"10,247,649.9",364.8,"94,714.11",3.37,525,36.6,1.3,626.6,22.3,(SPNO) SPNO (KS-Western MO),210.9,"7601 Prospect Ave
Kansas City, Missouri 64132
(38.987189, -94.557459)",154,2,7,151
30-IS-04710,Fire Station 35,64130,Not Applicable: Standalone Property,12/31/2016 12:00:00 AM,"18,196",Fire Station,Fire Station,2009,,"1,810,004",99.5,"1,159,538.2",63.7,56.1,"4,384,162.8",240.9,"2,808,615.2",154.4,56.1,"1,892,770.4",104,"4,471,067.5",245.7,"43,526.96",2.39,412.5,33,1.8,250.6,13.8,(SPNO) SPNO (KS-Western MO),210.9,"3200 Emanuel Cleaver II Blvd
Kansas City, Missouri 64130
(39.040666, -94.547554)",175,3,7,157
53-IS-11223,Fire Station 16,64110,Not Applicable: Standalone Property,12/31/2016 12:00:00 AM,"10,525",Fire Station,Fire Station,1975,,"1,088,367.5",103.4,"848,471.6",80.6,28.3,"2,083,899.1",198,"1,624,570",154.4,28.3,"1,168,570.0",111,"2,147,677.6",204.1,"17,276.20",1.64,192.8,33.9,3.2,95,9,(SPNO) SPNO (KS-Western MO),210.9,"9205 NW 112th St
Kansas City, Missouri 64110
(39.295954, -94.686793)",203,5,3,130
10-IS-06440,Fire Station 04,64110,Not Applicable: Standalone Property,12/31/2016 12:00:00 AM,"8,720",Fire Station,Fire Station,1981,,"716,622",82.2,"665,728.4",76.3,7.6,"1,448,858",166.2,"1,345,962",154.4,7.6,"776,755.6",89.1,"1,498,055.4",171.8,"15,218.55",1.75,204,20.4,2.3,70.3,8.1,(SPNO) SPNO (KS-Western MO),210.9,"4000 NW 64th St
Kansas City, Missouri 64110
(39.210476, -94.627001)",152,5,3,66
33-IS-04715,Fire Station 39,64133,Not Applicable: Standalone Property,12/31/2016 12:00:00 AM,"11,584",Fire Station,Fire Station,1960,,"794,581.4",68.6,"1,012,748",87.4,-21.5,"1,402,852",121.1,"1,788,030.3",154.4,-21.5,"888,025.6",76.7,"1,496,407.7",129.2,"14,366.88",1.24,264,27.8,2.4,57.4,5,(SPNO) SPNO (KS-Western MO),210.9,"10003 E 47th St
Kansas City, Missouri 64133
(39.037512, -94.462016)",165,3,7,37
11-IS-04310,Fire Station 19,64111,Not Applicable: Standalone Property,12/31/2016 12:00:00 AM,"18,453",Fire Station,Fire Station,1960,,,,"1,712,838.5",88.3,,,,"2,994,966.1",154.4,,"1,922,802.6",104.2,"3,578,036.7",193.9,,,355.5,57.3,3,,,(SPNO) SPNO (KS-Western MO),210.9,"550 W 43rd St
Kansas City, Missouri 64111
(39.049525, -94.593275)",42,4,7,50
55-IS-11110,Fire Station 03,64155,Not Applicable: Standalone Property,12/31/2016 12:00:00 AM,"10,700",Fire Station,Fire Station,1960,,"927,325.2",86.7,"878,425.2",82.1,5.6,"1,743,521.9",162.9,"1,651,581.8",154.4,5.6,"1,005,844.3",94,"1,798,970.0",168.1,"17,061.09",1.59,281.3,29.7,2.8,87.4,8.2,(SRMW) SRMW (Middle Mississippi),237.4,"11101 N Oak Trfy
Kansas City, Missouri 64155
(39.295042, -94.575413)",104,5,4,82
33-IS-06710,Fire Station 33,64133,Not Applicable: Standalone Property,12/31/2016 12:00:00 AM,"5,841",Fire Station,Fire Station,1957,,"616,964.9",105.6,"436,014.8",74.6,41.5,"1,275,741.7",218.4,"901,578.5",154.4,41.5,"669,076.8",114.5,"1,306,470.9",223.7,"14,262.23",2.44,119.3,16.8,2.9,63.4,10.8,(SPNO) SPNO (KS-Western MO),210.9,"7504 E 67th St
Kansas City, Missouri 64133
(39.002953, -94.49918)",18,2,7,37
10-IS-04812,Fire Station 34,64110,Not Applicable: Standalone Property,12/31/2016 12:00:00 AM,"4,880",Fire Station,Fire Station,1958,,"508,352.4",104.2,"487,709.7",99.9,4.2,"785,126.6",160.9,"753,244.8",154.4,4.2,"557,922.3",114.3,"837,174.9",171.6,"7,317.60",1.50,159,20.6,4.2,25.4,5.2,(SPNO) SPNO (KS-Western MO),210.9,"4836 N Brighton St
Kansas City, Missouri 64110
(39.181353, -94.521298)",127,6,4,135
37-IS-09740,Police Dept. South Patrol Campus,64137,Police Dept. South Patrol Campus,12/31/2016 12:00:00 AM,"118,338",Police Station,Police Station,1960,,"6,950,941.7",58.7,"6,308,542.8",53.3,10.2,"20,125,892.5",170.1,"18,265,877.6",154.4,10.2,"7,058,825.9",59.6,"20,239,170.9",171,"197,837.65",1.67,"2,943",43.2,0.4,"1,294.4",10.9,(SPNO) SPNO (KS-Western MO),210.9,"9701 Marion Park Dr
Kansas City, Missouri 64137
(38.948435, -94.535695)",178,2,7,149
27-IS-01210,Police Dept. Service Station,64127,Not Applicable: Standalone Property,12/31/2016 12:00:00 AM,"1,170",Police Station,Police Station,1960,,"239,919.8",205.1,"79,180.5",67.7,203,"547,204.7",467.7,"180,593.5",154.4,203,"263,079.7",224.9,"571,522.6",488.5,"6,153.40",5.26,77.2,5.2,4.5,29.8,25.5,(SPNO) SPNO (KS-Western MO),210.9,"1245 Prospect Ave
Kansas City, Missouri 64127
(39.097808, -94.551464)",109,3,7,95
37-IS-09730,PD South Patrol Main,64137,Police Dept. South Patrol Campus,12/31/2016 12:00:00 AM,"75,230",Police Station,Police Station,1960,,"4,055,040.7",53.9,"3,698,091.7",49.2,9.7,"12,732,827.8",169.3,"11,612,009.4",154.4,9.7,"4,055,040.7",53.9,"12,732,827.8",169.3,"118,299.53",1.57,"2,943",0,0,855.2,11.4,(SPNO) SPNO (KS-Western MO),210.9,"9701 Marion Park Dr
Kansas City, Missouri 64137
(38.948435, -94.535695)",178,2,7,149
45-IS-13110,Fire Station 45,64145,Not Applicable: Standalone Property,12/31/2016 12:00:00 AM,"5,829",Fire Station,Fire Station,1960,,"598,664.4",102.7,"483,824.4",83,23.7,"1,113,283.9",191,"899,726.2",154.4,23.7,"652,368.0",111.9,"1,164,159.4",199.7,"11,837.26",2.03,204,19.5,3.3,48.9,8.4,(SPNO) SPNO (KS-Western MO),210.9,"524 East Blueridge Blvd
Kansas City, Missouri 64145
(38.889796, -94.588166)",159,1,7,129
53-IS-11220,KCI-Police Station,64153,Not Applicable: Standalone Property,12/31/2016 12:00:00 AM,"44,381",Police Station,Police Station,1972,,"1,271,873.3",28.7,"5,846,589.2",131.7,-78.2,"1,490,234.7",33.6,"6,850,360.1",154.4,-78.2,"1,498,038.0",33.8,"1,746,376.9",39.3,"11,847.48",0.27,,63.6,1.4,17.6,0.4,(SRMW) SRMW (Middle Mississippi),237.4,"1 International Sq
Kansas City, Missouri 64153
(39.298043, -94.716973)",203,5,3,130
27-IS-02210,Fire Station 24,64127,Not Applicable: Standalone Property,12/31/2016 12:00:00 AM,"12,900",Fire Station,Fire Station,1979,,"982,716.8",76.2,"988,302.4",76.6,-0.6,"1,979,906",153.5,"1,991,159.4",154.4,-0.6,"1,094,972.2",84.9,"2,080,957.4",161.3,"19,462.12",1.51,209.2,28.1,2.2,95.7,7.4,(SPNO) SPNO (KS-Western MO),210.9,"2039 Hardesty Ave
Kansas City, Missouri 64127
(39.085381, -94.519819)",222,3,7,95
38-IS-09310,Fire Station 41,64132,Not Applicable: Standalone Property,12/31/2016 12:00:00 AM,"14,952",Fire Station,Fire Station,1960,,"1,097,477.6",73.4,"1,210,784.4",81,-9.4,"2,091,916.9",139.9,"2,307,892.7",154.4,-9.4,"1,209,429.8",80.9,"2,176,684.3",145.6,"19,931.94",1.33,119.2,34.4,2.3,94.8,6.3,(SPNO) SPNO (KS-Western MO),210.9,"9300 Hillcrest Rd
Kansas City, Missouri 64132
(38.956804, -94.520912)",35,2,7,98
06-IS-00910,Fire Station 10,64410,Not Applicable: Standalone Property,12/31/2016 12:00:00 AM,"12,244",Fire Station,Fire Station,1977,,"1,070,170.4",87.4,"1,091,610.4",89.2,-2,"1,852,784.6",151.3,"1,889,903.5",154.4,-2,"1,188,547.5",97.1,"1,962,036.5",160.2,"17,403.67",1.42,364.5,38.3,3.1,52.4,4.3,Not Available,,"1505 E 9th St
Kansas City, Missouri 64410
(39.102975, -94.562515)",134,3,7,75
57-IS-06810,Shoal Creek Police Patrol Station,64157,Police Dept. Shoal Creek Campus,12/31/2016 12:00:00 AM,"23,234",Police Station,Police Station,2013,,"2,006,801.8",86.4,"1,142,117",49.2,75.7,"6,301,357.8",271.2,"3,586,247.9",154.4,75.7,"2,006,801.8",86.4,"6,301,357.8",271.2,"58,591.20",2.52,,0,0,476.4,20.5,(SRMW) SRMW (Middle Mississippi),237.4,"6801 NE Pleasant Valley Rd
Kansas City, Missouri 64157
(39.21658, -94.499005)",187,6,4,135
30-IS-06110,Water Services Department IT Building,64130,Not Applicable: Standalone Property,12/31/2016 12:00:00 AM,"152,782",Office,Office,2000,9,"1,607,959",99.8,"945,063",58.7,70.1,"4,235,267.5",263,"2,489,239",154.6,70.1,"1,702,437.9",105.7,"4,334,470.3",269.1,"36,658.70",2.28,,20.7,1.3,257,16,(SPNO) SPNO (KS-Western MO),210.9,"4700 E 63rd Trfy
Kansas City, Missouri 64130
(39.012515, -94.531192)",170,2,7,157
16-IS-03900,PW Streets District 1 Main Building,64116,Not Applicable: Standalone Property,12/31/2016 12:00:00 AM,"25,848",Office,Office,1960,100,"42,393.9",1.6,"1,382,947.2",53.5,-96.9,"133,116.9",5.1,"4,342,454.7",168,-96.9,"45,490.3",1.8,"142,839.4",5.5,"1,856.41",0.07,252.7,0,0,8.9,0.3,(SPNO) SPNO (KS-Western MO),210.9,"2400 NE Russell Rd
Kansas City, Missouri 64116
(39.166555, -94.550205)",86,6,4,167
32-IS-04610,Starlight Theater Admin,64132,Not Applicable: Standalone Property,12/31/2016 12:00:00 AM,"25,073",Other - Entertainment/Public Assembly,Office,1960,1,"6,533,383.9",260.6,"1,502,170.6",59.9,334.9,"20,514,825.5",818.2,"4,716,816.2",188.1,334.9,"6,646,429.0",265.1,"20,869,787.1",832.4,"278,327.87",11.10,,0,0,"1,377.9",55,(SPNO) SPNO (KS-Western MO),210.9,"4600 Starlight Rd
Kansas City, Missouri 64132
(39.009406, -94.532417)",52,2,7,151
10-IS-05810,5825-30 Troost - Spay and Neuter & Safety Council Complex,64110,Not Applicable: Standalone Property,12/31/2016 12:00:00 AM,"19,316",Office,Office,1960,87,"955,026.7",49.4,"1,602,382.5",83,-40.4,"2,178,026",112.8,"3,654,380.3",189.2,-40.4,"1,053,206.6",54.5,"2,281,115.0",118.1,"26,070.71",1.35,10.5,20.9,1.1,118.6,6.1,(SPNO) SPNO (KS-Western MO),210.9,"5825-30 Troost Ave
Kansas City, Missouri 64110
(39.021315, -94.574131)",235,4,7,165
06-IS-00920,Police Dept. Headquarters Annex,64106,Not Applicable: Standalone Property,12/31/2016 12:00:00 AM,"29,440",Office,Office,1960,13,"2,943,415.1",100,"1,893,100.4",64.3,55.5,"9,241,466.4",313.9,"5,943,783.6",201.9,55.5,"2,943,415.1",100,"9,241,466.4",313.9,"87,970.12",2.99,278.2,0,0,620.7,21.1,(SPNO) SPNO (KS-Western MO),210.9,"901 Charlotte
Kansas City, Missouri 64106
(39.103104, -94.573769)",5,4,7,75
53-IS-11230,Aviation Administration Building,64153,Not Applicable: Standalone Property,12/31/2016 12:00:00 AM,"41,500",Office,Office,1995,14,"4,301,763.3",103.7,"2,785,483",67.1,54.4,"13,507,536.8",325.5,"8,746,417.6",210.8,54.4,"4,349,998.9",104.8,"13,658,996.5",329.1,"98,154.54",2.37,370.5,0,0,"1,021.2",24.6,(SRMW) SRMW (Middle Mississippi),237.4,"601 Brasilia Ave
Kansas City, Missouri 64153
(39.30537, -94.716649)",203,5,3,130
30-IS-04525,PW District 3 Office - Coal Mine Rd.,64130,Public Works District 3,12/31/2016 12:00:00 AM,"48,000",Office,Office,1973,100,"1,624,346.2",33.8,"6,192,235.9",129,-73.8,"2,727,703.9",56.8,"10,398,389.8",216.6,-73.8,"1,861,124.4",38.8,"2,992,486.5",62.3,"26,044.07",0.54,702.7,60.3,1.3,103.1,2.1,(SPNO) SPNO (KS-Western MO),210.9,"4725 Coal Mine Rd
Kansas City, Missouri 64130
(39.043357, -94.51788)",20,3,7,157
30-IS-06320,Terry R. Dopson Building - Parks HQ,64130,Not Applicable: Standalone Property,12/31/2016 12:00:00 AM,"52,500",Office,Office,1960,75,"3,501,268",66.7,"4,785,235.4",91.1,-26.8,"8,425,371.4",160.5,"11,515,080",219.3,-26.8,"3,696,209.3",70.4,"8,630,059.7",164.4,"93,764.63",1.79,,65.3,1.2,479.2,9.1,(SPNO) SPNO (KS-Western MO),210.9,"4600 E 63rd St
Kansas City, Missouri 64130",,,,
30-IS-04910,4900 Swope Parkway Building ,64130,Not Applicable: Standalone Property,12/31/2016 12:00:00 AM,"53,444",Office,Office,1960,42,"4,075,375.3",76.3,"3,742,307",70,8.9,"12,796,678.4",239.4,"11,750,845.4",219.9,8.9,"4,075,375.3",76.3,"12,796,678.4",239.4,"135,180.26",2.53,211.5,0,0,859.5,16.1,(SPNO) SPNO (KS-Western MO),210.9,"4900 Swope Pkwy
Kansas City, Missouri 64130
(39.03726, -94.544709)",175,3,7,157
16-IS-00915,"Terminal, CBW",64116,Not Applicable: Standalone Property,12/31/2016 12:00:00 AM,"57,436",Office,Office,1960,100,"3,453,291.9",60.1,"12,146,019.2",211.5,-71.6,"3,625,956.5",63.1,"12,753,319.5",222,-71.6,"4,312,973.8",75.1,"4,528,622.5",78.8,"25,096.24",0.44,,183.4,3.2,0,0,(SPNO) SPNO (KS-Western MO),210.9,"300 NW Richards Rd
Kansas City, Missouri 64116
(39.120472, -94.588935)",241,4,4,167
63-IS-12210,Ambassador Building,64163,Not Applicable: Standalone Property,12/31/2016 12:00:00 AM,"282,034",Office,Office,2001,36,"23,442,303.8",83.1,"20,260,818.2",71.8,15.7,"73,608,834.1",261,"63,618,976.8",225.6,15.7,"23,442,303.8",83.1,"73,608,834.1",261,"535,183.94",1.90,"3,849.7",0,0,"5,565.1",19.7,(SRMW) SRMW (Middle Mississippi),237.4,"12200 NW Ambassador Dr
Kansas City, Missouri 64163
(39.314776, -94.683038)",203,5,3,133
06-IS-01128,Municipal Courts Building,64106,Not Applicable: Standalone Property,12/31/2016 12:00:00 AM,"100,952",Courthouse,Courthouse,1960,94,"6,082,619",60.3,"12,986,606.2",128.6,-53.2,"11,303,002.5",112,"24,132,308.3",239,-53.2,"6,068,619.5",60.1,"11,348,405.8",112.4,"180,214.64",1.79,893.4,0,0,704.4,7,(SPNO) SPNO (KS-Western MO),210.9,"1101 Locust St
Kansas City, Missouri 64106
(39.100368, -94.57736)",5,4,7,75
06-IS-01230,City Hall,64106,Not Applicable: Standalone Property,12/31/2016 12:00:00 AM,"413,901",Office,Office,1937,96,"25,684,932.3",62.1,"57,284,855.3",138.4,-55.2,"48,188,043.8",116.4,"107,473,332.5",259.7,-55.2,"26,182,994.3",63.3,"49,000,377.8",118.4,"728,737.19",1.76,"13,519.5",0,0,"3,006.2",7.3,(SPNO) SPNO (KS-Western MO),210.9,"414 E 12th St
Kansas City, Missouri 64106
(39.100581, -94.57786)",5,4,7,75
08-IS-02412,Health Facility,64108,Not Applicable: Standalone Property,12/31/2016 12:00:00 AM,"103,935",Office,Medical Office,1960,65,"7,573,052",72.9,"9,665,150.3",93,-21.6,"23,779,383.2",228.8,"30,348,575.5",292,-21.6,"7,896,693.1",76,"24,795,616.3",238.6,"275,394.14",2.65,"1,817.2",0,0,"1,597.1",15.4,(SPNO) SPNO (KS-Western MO),210.9,"2400 Troost Ave
Kansas City, Missouri 64108
(39.083685, -94.570658)",11,3,7,92
30-IS-06120,Water Services Department Main Complex,64130,Not Applicable: Standalone Property,12/31/2016 12:00:00 AM,"44,336",Office,Office,1960,69,"10,993,547.4",102.7,"13,708,412.2",128.1,-19.8,"34,201,247.2",319.6,"42,647,275.3",398.6,-19.8,"11,004,402.7",102.8,"34,212,645.3",319.7,"315,119.74",2.95,824.3,8.1,0.1,"2,286.4",21.4,(SPNO) SPNO (KS-Western MO),210.9,"4800 E 63rd St
Kansas City, Missouri 64130",,,,
05-IS-00320,City Market CM-2C,64105,Not Applicable: Standalone Property,12/31/2016 12:00:00 AM,"18,385",Other - Restaurant/Bar,Supermarket/Grocery Store,1960,100,"653,601.1",35.6,"8,535,772.4",464.3,-92.3,"686,471.8",37.3,"8,965,051.4",487.6,-92.3,"836,091.3",45.5,"878,086.5",47.8,"3,361.68",0.18,838.5,34.7,1.9,0,0,(SPNO) SPNO (KS-Western MO),210.9,"305 - 313 Main St
Kansas City, Missouri 64105
(39.109836, -94.58334)",71,4,7,75
05-IS-01210,Garage-1220 Wyandotte (APG),64105,Not Applicable: Standalone Property,12/31/2016 12:00:00 AM,"450,000",Parking,Parking,1955,,"678,217.6",1.5,,,,"2,129,603.1",4.7,,,,"715,358.2",1.6,"2,246,224.6",5,"32,929.96",0.07,333.8,0,0,143,0.3,(SPNO) SPNO (KS-Western MO),210.9,"1220 Wyandotte
Kansas City, Missouri 64105
(39.09936, -94.585597)",5,4,7,72
05-IS-00310,Garage-300 Wyandotte,64105,Not Applicable: Standalone Property,12/31/2016 12:00:00 AM,"93,825",Parking,Parking,1960,,"996,038.5",10.6,,,,"3,127,561",33.3,,,,"1,007,545.5",10.7,"3,163,692.7",33.7,"28,515.94",0.30,,0,0,210.1,2.2,(SPNO) SPNO (KS-Western MO),210.9,"300 Wyandotte St
Kansas City, Missouri 64105
(39.109368, -94.585808)",71,4,7,72
05-IS-01710,Garage-1621 Broadway,64108,Not Applicable: Standalone Property,12/31/2016 12:00:00 AM,"332,200",Parking,Parking,2011,,"2,907,472.6",8.8,,,,"9,129,464.1",27.5,,,,"2,907,472.6",8.8,"9,129,464.1",27.5,"90,809.77",0.27,"5,846.2",0,0,613.2,1.8,(SPNO) SPNO (KS-Western MO),210.9,"1621 Broadway
Kansas City, Missouri 64108
(39.093743, -94.588709)",149,4,7,92
06-IS-01240,Garage-1220 Walnut,64106,Not Applicable: Standalone Property,12/31/2016 12:00:00 AM,"224,865",Parking,Parking,1960,,"2,775,496.1",12.3,,,,"8,715,057.8",38.8,,,,"2,775,496.1",12.3,"8,715,057.8",38.8,"81,226.93",0.36,,0,0,585.3,2.6,(SPNO) SPNO (KS-Western MO),210.9,"1220 Walnut St
Kansas City, Missouri 64106
(39.09919, -94.582122)",5,4,7,75
61-IS-02810,Birmingham Water Treatment Complex,64161,Not Applicable: Standalone Property,12/31/2016 12:00:00 AM,"150,000",Wastewater Treatment Plant,Wastewater Treatment Plant,1960,,"11,325,660.7",75.5,,,,"35,562,574.5",237.1,,,,"11,325,660.7",75.5,"35,562,574.5",237.1,"326,698.31",2.18,"2,558.3",0,0,"2,388.5",15.9,(SPNO) SPNO (KS-Western MO),210.9,"10801 NE 28th St
Kansas City, Missouri 64161
(39.143876, -94.454411)",138,6,4,89
32-IS-07610,Police Dept. Metro Patrol Garage 1,64132,PD Metro Patrol Campus,12/31/2016 12:00:00 AM,"7,604",Parking,Parking,1960,,"100,139.1",13.2,,,,"314,436.8",41.4,,,,"96,501.5",12.7,"303,014.8",39.8,"3,464.13",0.46,,0,0,21.1,2.8,(SPNO) SPNO (KS-Western MO),210.9,"7601 Prospect Ave
Kansas City, Missouri 64132
(38.987189, -94.557459)",154,2,7,151
05-IS-00410,Westside Water Treatment Complex,64105,Not Applicable: Standalone Property,12/31/2016 12:00:00 AM,"150,000",Wastewater Treatment Plant,Wastewater Treatment Plant,1977,,"13,113,257.7",87.4,,,,"40,381,101.2",269.2,,,,"13,195,331.2",88,"40,467,278.3",269.8,"402,552.10",2.68,488.2,20.2,0.1,"2,685.4",17.9,(SPNO) SPNO (KS-Western MO),210.9,"1849 Woodsweather Rd
Kansas City, Missouri 64105
(39.10989, -94.607314)",,,5,73
32-IS-07620,Police Dept. Metro Patrol Garage 2,64132,PD Metro Patrol Campus,12/31/2016 12:00:00 AM,"7,604",Parking,Parking,1960,,"174,375.9",22.9,,,,"547,540.5",72,,,,"166,909.7",22,"524,096.5",69,"8,301.54",1.09,,0,0,36.8,4.8,(SPNO) SPNO (KS-Western MO),210.9,"7601 Prospect Ave
Kansas City, Missouri 64132
(38.987189, -94.557459)",154,2,7,151
60-IS-11810,Fishing River Water Treatment Plant,64060,Not Applicable: Standalone Property,12/31/2016 12:00:00 AM,"150,000",Wastewater Treatment Plant,Wastewater Treatment Plant,2000,,"5,442,784.4",36.3,,,,"17,090,343.2",113.9,,,,"5,442,784.4",36.3,"17,090,343.2",113.9,"137,634.09",0.92,,0,0,"1,292.1",8.6,(SRMW) SRMW (Middle Mississippi),237.4,"10600 NE 118th St
Kansas City, Missouri 64060",,,,
53-IS-11215,KCI-Overhaul Base/CUP/Manufacturing Plant/Narrow Body Hanger/Super Hanger,64153,Not Applicable: Standalone Property,12/31/2016 12:00:00 AM,"15,163",Manufacturing/Industrial Plant,Manufacturing/Industrial Plant,1960,,"77,147,836.2","5,087.9",,,,"166,481,475.6","10,979.4",,,,"77,147,836.2","5,087.9","166,481,475.6","10,979.4","986,650.18",65.07,,"1,925.4",127,"9,708.9",640.3,(SRMW) SRMW (Middle Mississippi),237.4,"9200 NW 112th St
Kansas City, Missouri 64153
(39.296068, -94.686757)",203,5,3,130
63-IS-07610,Todd Creek Water Treatment Complex,64163,Not Applicable: Standalone Property,12/31/2016 12:00:00 AM,"150,000",Wastewater Treatment Plant,Wastewater Treatment Plant,1977,,"7,530,358.3",50.2,,,,"23,645,325",157.6,,,,"7,530,358.3",50.2,"23,645,325.0",157.6,"179,407.42",1.20,,0,0,"1,787.7",11.9,(SRMW) SRMW (Middle Mississippi),237.4,"7600 NW 144th St
Kansas City, Missouri 64163",,,,
06-IS-01130,Garage-560 E. 11th St.,64106,Not Applicable: Standalone Property,12/31/2016 12:00:00 AM,"271,824",Parking,Parking,2009,,"2,575,786.5",9.5,,,,"8,087,969.6",29.8,,,,"2,575,786.5",9.5,"8,087,969.6",29.8,"82,665.89",0.30,36,0,0,543.2,2,(SPNO) SPNO (KS-Western MO),210.9,"560 E 11th St
Kansas City, Missouri 64106
(39.100888, -94.576496)",5,4,7,75
20-IS-01315,Blue River Water Treatment Complex,64120,Not Applicable: Standalone Property,12/31/2016 12:00:00 AM,"405,446",Wastewater Treatment Plant,Wastewater Treatment Plant,1964,,"23,757,822.2",58.6,,,,"74,599,561.6",184,,,,"23,757,822.2",58.6,"74,599,561.6",184,"927,323.46",2.29,"23,984.3",0,0,"5,010.4",12.4,(SPNO) SPNO (KS-Western MO),210.9,"7300 Rochester Ave
Kansas City, Missouri 64120
(39.119543, -94.498197)",53,4,7,144
05-IS-01340,Garage-151 E. 13th St.,64106,Not Applicable: Standalone Property,12/31/2016 12:00:00 AM,"268,248",Parking,Parking,1960,,"1,646,466.9",6.1,,,,"5,169,906",19.3,,,,"1,646,466.9",6.1,"5,169,906.0",19.3,"51,157.59",0.19,,0,0,347.2,1.3,(SPNO) SPNO (KS-Western MO),210.9,"151 E 13th St
Kansas City, Missouri 64106
(39.098565, -94.581631)",5,4,7,75
02-IS-01610,Kemper Garage - West Bottoms,64102,Not Applicable: Standalone Property,12/31/2016 12:00:00 AM,"359,100",Parking,Parking,1960,,"1,608,993.5",4.5,,,,"5,052,239.5",14.1,,,,"1,631,123.2",4.5,"5,121,726.9",14.3,"46,044.71",0.13,6.8,0,0,339.3,0.9,(SPNO) SPNO (KS-Western MO),210.9,"1601 Stateline
Kansas City, Missouri 64102
(39.095491, -94.607003)",241,4,7,20
05-IS-01415,Garage-1398 Main St.,64105,Not Applicable: Standalone Property,12/31/2016 12:00:00 AM,"41,770",Parking,Parking,1960,,"815,193.7",19.5,,,,"2,559,708.2",61.3,,,,"815,193.7",19.5,"2,559,708.2",61.3,"24,439.61",0.59,,0,0,171.9,4.1,(SPNO) SPNO (KS-Western MO),210.9,"1398 Main St
Kansas City, Missouri 64105
(39.097246, -94.583315)",5,4,7,75
06-IS-01125,Garage-1100 Oak St.,64106,Not Applicable: Standalone Property,12/31/2016 12:00:00 AM,"441,200",Parking,Parking,2002,,"4,192,463.2",9.5,,,,"13,164,334.5",29.8,,,,"4,192,463.2",9.5,"13,164,334.5",29.8,"128,702.02",0.29,654.7,0,0,884.2,2,(SPNO) SPNO (KS-Western MO),210.9,"1100 Oak St
Kansas City, Missouri 64106
(39.100377, -94.578521)",5,4,7,75
16-IS-03500,Briarcliff Water Treatment Plant,64116,Not Applicable: Standalone Property,12/31/2016 12:00:00 AM,"150,000",Wastewater Treatment Plant,Wastewater Treatment Plant,1960,,"5,824,943.3",1.8,,,,"6,116,190.5",1.9,,,,"6,292,090.0",2,"6,606,694.5",2.1,"37,112.99",0.01,183,309.4,0.1,0,0,(SPNO) SPNO (KS-Western MO),210.9,"1 NW Briarcliff Rd
Kansas City, Missouri 64116
(39.170368, -94.58148)",62,4,4,167
